k,G_diag_exact,G_diag_vwa,G_exact_kn_0p5kp,G_vwa_kn_0p5kp,G_exact_kn_1p0kp,G_vwa_kn_1p0kp,G_exact_kn_1p5kp,G_vwa_kn_1p5kp
0.2,0.015284250819493,0.015284250819493,0.0154587588586855,0.0150014570387735,0.0245062486722353,0.0215971927895615,0.0340182241529957,0.0285671766178459
0.211557788944724,0.0145551699392038,0.0145551699392038,0.0150668184097905,0.0146369165986288,0.023816025965371,0.0212326523494169,0.0330177355031175,0.0282026361777012
0.223115577889447,0.0139696570885951,0.0139696570885951,0.0147398177640054,0.0143441601733245,0.0232307407118161,0.0209398959241125,0.0321638526172463,0.0279098797523969
0.234673366834171,0.0135017222781663,0.0135017222781663,0.0144684609173837,0.0141101927681101,0.0227348887367052,0.0207059285188982,0.0314345946787728,0.0276759123471825
0.246231155778894,0.0131312733011364,0.0131312733011364,0.0142451381300931,0.0139249682795952,0.0223158030466463,0.0205207040303832,0.0308120235946366,0.0274906878586676
0.257788944723618,0.0128425604770613,0.0128425604770613,0.0140635511035967,0.0137806118675576,0.0219630239836273,0.0203763476183457,0.0302813463602708,0.02734633144663
0.269346733668342,0.0126230787602476,0.0126230787602476,0.013918434908793,0.0136708710091507,0.0216678316949834,0.0202666067599388,0.0298302486221764,0.0272365905882232
0.280904522613065,0.0124627799878775,0.0124627799878775,0.0138053487212884,0.0135907216229657,0.0214228940504854,0.0201864573737538,0.0294483926924901,0.0271564412020381
0.292462311557789,0.0123534992897962,0.0123534992897962,0.0137205162641601,0.013536081273925,0.0212219979745153,0.0201318170247131,0.0291270343989588,0.0271018008529974
0.304020100502513,0.0122885318412222,0.0122885318412222,0.01366070267619,0.013503597549638,0.0210598419203885,0.0200993333004261,0.02885872705154,0.0270693171287104
0.315577889447236,0.0122623167510934,0.0122623167510934,0.0136231184229483,0.0134904900045736,0.0209318737546301,0.0200862257553617,0.0286370901213878,0.0270562095836461
0.32713567839196,0.0122701983461919,0.0122701983461919,0.0136053435269371,0.0134944308021229,0.0208341627783594,0.020090166552911,0.0284566265783676,0.0270601503811953
0.338693467336683,0.0123082440679326,0.0123082440679326,0.0136052672346139,0.0135134536629932,0.0207632977011718,0.0201091894137813,0.0283125772309766,0.0270791732420656
0.350251256281407,0.0123731042535857,0.0123731042535857,0.0136210395321796,0.0135458837558198,0.0207163045525422,0.0201416195066078,0.0282008035020624,0.0271116033348922
0.361809045226131,0.0124619032292284,0.0124619032292284,0.0136510318435022,0.0135902832436412,0.0206905800603532,0.0201860189944292,0.02811769227308,0.0271560028227136
0.373366834170854,0.0125721540340229,0.0125721540340229,0.013693804907806,0.0136454086460384,0.0206838371392742,0.0202411443968265,0.0280600780145357,0.0272111282251108
0.384924623115578,0.0127016911349866,0.0127016911349866,0.0137480823190731,0.0137101771965202,0.0206940599430499,0.0203059129473083,0.028025178575395,0.0272758967755927
0.396482412060301,0.0128486169473273,0.0128486169473273,0.0138127285659623,0.0137836401026906,0.0207194665323769,0.0203793758534787,0.0280105418550398,0.027349359681763
0.408040201005025,0.0130112590265859,0.0130112590265859,0.0138867306765883,0.0138649611423199,0.0207584776545872,0.020460696893108,0.0280140012141998,0.0274306807213923
0.419597989949749,0.0131881355659003,0.0131881355659003,0.013969182771892,0.0139533994119771,0.020809690465075,0.0205491351627652,0.0280336379563341,0.0275191189910495
0.431155778894472,0.0133779273970394,0.0133779273970394,0.0140592729823452,0.0140482953275467,0.0208718562730784,0.0206440310783347,0.0280677495706257,0.0276140149066191
0.442713567839196,0.0135794551143701,0.0135794551143701,0.0141562722980012,0.014149059186212,0.0209438615872885,0.0207447949370001,0.0281148227023045,0.0277147787652844
0.45427135678392,0.0137916602564097,0.0137916602564097,0.0142595250105588,0.0142551617572318,0.0210247118850884,0.0208508975080199,0.0281735100271875,0.0278208813363042
0.465829145728643,0.0140135897181789,0.0140135897181789,0.0143684404747569,0.0143661264881164,0.0211135176441153,0.0209618622389045,0.0282426103709276,0.0279318460671888
0.477386934673367,0.0142443827492871,0.0142443827492871,0.0144824859699387,0.0144815230036705,0.0212094822644413,0.0210772587544586,0.0283210515410873,0.0280472425827429
0.48894472361809,0.0144832600320139,0.0144832600320139,0.0146011804845893,0.0146009616450339,0.0213118915800002,0.0211966973958219,0.0284078754403658,0.0281666812241063
0.500502512562814,0.0147295144411278,0.0147295144411278,0.0147240892797678,0.0147240888495909,0.0214201047134245,0.0213198246003789,0.0285022251084893,0.0282898084286633
0.512060301507538,0.0149825031705449,0.0149825031705449,0.0148508191136145,0.0148505832142994,0.0215335460725845,0.0214463189650874,0.0286033334032225,0.0284163027933718
0.523618090452261,0.0152416409768913,0.0152416409768913,0.0149810140300579,0.0149801521174726,0.0216516983223749,0.0215758878682607,0.0287105130812908,0.028545871696545
0.535175879396985,0.0155063943408906,0.0155063943408906,0.0151143516316313,0.0151125287994722,0.0217740961936102,0.0217082645502603,0.0288231480804755,0.0286782483785447
0.546733668341709,0.0157762763874425,0.0157762763874425,0.0152505397698249,0.0152474698227482,0.0219003210137729,0.0218432055735363,0.0289406858368772,0.0288131894018206
0.558291457286432,0.0160508424367667,0.0160508424367667,0.0153893135973372,0.0153847528474103,0.0220299958629227,0.0219804885981984,0.0290626304979428,0.0289504724264827
0.569849246231156,0.0163296860838846,0.0163296860838846,0.0155304329354827,0.0155241746709693,0.0221627812732415,0.0221199104217573,0.0291885369136052,0.0290898942500417
0.581407035175879,0.0166124357234612,0.0166124357234612,0.0156736799172749,0.0156655494907575,0.0222983714031151,0.0222612852415456,0.0293180053057421,0.0292312690698299
0.592964824120603,0.0168987514527155,0.0168987514527155,0.0158188568726623,0.0158087073553847,0.0224364906269091,0.0224044431061728,0.0294506765309223,0.0293744269344571
0.604522613065327,0.0171883222976066,0.0171883222976066,0.0159657844273074,0.0159534927778303,0.0225768904900868,0.0225492285286183,0.029586227863642,0.0295192123569027
0.61608040201005,0.0174808637174641,0.0174808637174641,0.0161142997903669,0.016099763487759,0.0227193469863879,0.022695499238547,0.029724369237475,0.0296654830668314
0.627638190954774,0.017776115351207,0.017776115351207,0.0162642552101145,0.0162473893046305,0.0228636581197051,0.0228431250554185,0.0298648398901124,0.0298131088837029
0.639195979899498,0.0180738389746743,0.0180738389746743,0.0164155165790787,0.0163962511163641,0.0230096417182682,0.0229919868671522,0.030007405365481,0.0299619706954365
0.650753768844221,0.0183738166437104,0.0183738166437104,0.0165679621727441,0.0165462399508821,0.0231571334729477,0.0231419757016702,0.0301518548322233,0.0301119595299545
0.662311557788945,0.0186758490017759,0.0186758490017759,0.0167214815078701,0.0166972561299149,0.0233059851750563,0.023292991880703,0.0302979986830095,0.0302629757089873
0.673869346733668,0.018979753734169,0.018979753734169,0.0168759743081861,0.0168492084961115,0.0234560631320664,0.0234449442468995,0.0304456663835741,0.0304149280751839
0.685427135678392,0.0192853641536362,0.0192853641536362,0.0170313495666703,0.0170020137058451,0.0236072467422674,0.0235977494566331,0.0305947045441629,0.0305677332849175
0.696984924623116,0.0195925279043301,0.0195925279043301,0.0171875246948629,0.017155595581192,0.0237594272116235,0.02375133133198,0.0307449751893443,0.0307213151602644
0.708542713567839,0.0199011057728515,0.0199011057728515,0.0173444247507373,0.0173098845154527,0.0239125063980307,0.0239056202662408,0.0308963542049589,0.0308756040945251
0.720100502512563,0.0202109705965706,0.0202109705965706,0.0175019817375768,0.0174648169273123,0.0240663957698479,0.0240605526781003,0.0310487299434299,0.0310305365063847
0.731658291457286,0.0205220062606193,0.0205220062606193,0.0176601339671085,0.0176203347593366,0.0242210154670376,0.0242160705101247,0.0312020019707878,0.031186054338409
0.74321608040201,0.0208341067759465,0.0208341067759465,0.017818825480851,0.0177763850170002,0.0243762934545299,0.0243721207677883,0.031356079940625,0.0313421045960726
0.754773869346734,0.0211471754316555,0.0211471754316555,0.0179780055242495,0.0179329193448547,0.0245321647585408,0.0245286550956427,0.0315108825818247,0.0314986389239271
0.766331658291457,0.0214611240155453,0.0214611240155453,0.0181376280687105,0.0180898936367996,0.0246885707775613,0.0246856293875877,0.0316663367883432,0.031655613215872
0.777889447236181,0.0217758720973721,0.0217758720973721,0.018297651377134,0.018247267677713,0.0248454586606033,0.0248430034285011,0.0318223768005853,0.0318129872567854
0.789447236180905,0.0220913463698564,0.0220913463698564,0.0184580376089639,0.0184050048139552,0.0250027807460537,0.0250007405647432,0.0319789434690278,0.0319707243930276
0.801005025125628,0.0224074800429042,0.0224074800429042,0.0186187524611576,0.0185630716504791,0.0251604940551744,0.0251588074012671,0.0321359835917332,0.0321287912295515
0.812562814070352,0.0227242122868952,0.0227242122868952,0.0187797648418139,0.0187214377724746,0.0253185598348869,0.0253171735232626,0.0322934493182696,0.032287157351547
0.824120603015075,0.023041487721234,0.023041487721234,0.018941046573505,0.0188800754896439,0.0254769431450237,0.025475811240432,0.0324512976133322,0.0324457950687163
0.835678391959799,0.0233592559446589,0.0233592559446589,0.0191025721236279,0.0190389596013564,0.0256356124857095,0.0256346953521445,0.0326094897740524,0.0326046791804288
0.847236180904523,0.0236774711040815,0.0236774711040815,0.019264318359338,0.0191980671810677,0.0257945394609653,0.0257938029318558,0.0327679909956002,0.0327637867601401
0.858793969849246,0.0239960914989678,0.0239960914989678,0.0194262643248495,0.0193573773785109,0.0259536984750158,0.0259531131292989,0.0329267699802316,0.0329230969575833
0.87035175879397,0.0243150792185042,0.0243150792185042,0.0195883910390876,0.0195168712382791,0.026113066458126,0.0261126069890671,0.0330857985854335,0.0330825908173515
0.881909547738693,0.0246343998089892,0.0246343998089892,0.0197506813118574,0.0196765315335215,0.0262726226191038,0.0262722672843096,0.0332450515072499,0.033242251112594
0.893467336683417,0.0249540219690841,0.0249540219690841,0.019913119576862,0.019836342613569,0.0264323482218843,0.0264320783643571,0.0334045059952751,0.0334020621926414
0.905025125628141,0.0252739172707293,0.0252739172707293,0.0200756917400499,0.0199962902643916,0.0265922263838641,0.0265920260151797,0.0335641415961506,0.033562009843464
0.916582914572864,0.0255940599036914,0.0255940599036914,0.0202383850419054,0.0201563615808726,0.0267522418938799,0.0267520973316607,0.0337239399227199,0.0337220811599451
0.928140703517588,0.02591442644186,0.02591442644186,0.020401187932425,0.0203165448499569,0.026912381047927,0.026912280600745,0.0338838844462806,0.0338822644290293
0.939698492462312,0.0262349956295465,0.0262349956295465,0.0205640899576287,0.0204768294438002,0.0270726315009035,0.0270725651945883,0.0340439603096308,0.0340425490228726
0.951256281407035,0.0265557481861729,0.0265557481861729,0.0207270816565625,0.0206372057221134,0.0272329821328244,0.0272329414729015,0.0342041541588337,0.0342029253011858
0.962814070351759,0.0268766666278523,0.0268766666278523,0.0208901544678374,0.0207976649429531,0.0273934229281058,0.0273934006937412,0.0343644539918349,0.0343633845220255
0.974371859296482,0.0271977351044815,0.0271977351044815,0.0210533006448398,0.0209581991812677,0.0275539448666506,0.0275539349320558,0.0345248490222502,0.0345239187603401
0.985929648241206,0.0275189392510653,0.0275189392510653,0.021216513178821,0.0211188012545596,0.0277145398255921,0.0277145370053477,0.0346853295568105,0.034684520833632
0.99748743718593,0.0278402660520937,0.0278402660520937,0.0213797857291481,0.0212794646550738,0.0278752004906598,0.0278752004058619,0.0348458868851004,0.0348451842341462
1.00904522613065,0.0281617037178819,0.0281617037178819,0.0215431125600592,0.0214401834879679,0.0280359202762337,0.028035919238756,0.0350065131803641,0.0350059030670403
1.02060301507538,0.0284832415718671,0.0284832415718671,0.0217064884833292,0.0216009524149605,0.0281966932532416,0.0281966881657486,0.0351672014102717,0.0351666719940329
1.0321608040201,0.0288048699479374,0.0288048699479374,0.0218699088063007,0.0217617666029956,0.0283575140841369,0.0283575023537837,0.0353279452566521,0.0353274861820681
1.04371859296482,0.0291265800969379,0.0291265800969379,0.0220333692847888,0.0219226216774959,0.0285183779642676,0.028518357428284,0.0354887390432954,0.0354883412565683
1.05527638190955,0.0294483641015696,0.0294483641015696,0.022196866080408,0.0220835136798118,0.0286792805690121,0.0286792494305998,0.0356495776710178,0.0356492332588842
1.06683417085427,0.0297702147989591,0.0297702147989591,0.0223603957219142,0.0222444390285065,0.0288402180061218,0.0288401747792946,0.0358104565592627,0.0358101586075789
1.07839195979899,0.0300921257102335,0.0300921257102335,0.0225239550701893,0.0224053944841437,0.0290011867727589,0.0290011302349318,0.0359713715935827,0.0359711140632161
1.08994974874372,0.0304140909764936,0.0304140909764936,0.0226875412865308,0.0225663771172737,0.0291621837167734,0.0291621128680618,0.0361323190784142,0.0361320966963461
1.10150753768844,0.0307361053006228,0.0307361053006228,0.0228511518039387,0.0227273842793384,0.0293232060018027,0.0293231200301264,0.0362932956946139,0.0362931038584108
1.11306532663317,0.0310581638944215,0.0310581638944215,0.0230147843011213,0.0228884135762377,0.0294842510758204,0.0294841493270258,0.0364542984612791,0.0364541331553101
1.12462311557789,0.0313802624305942,0.0313802624305942,0.0231784366789654,0.023049462844324,0.0296453166427953,0.0296451985951121,0.0366153247014225,0.0366151824233965
1.13618090452261,0.0317023969991594,0.0317023969991594,0.0233421070392406,0.0232105301286067,0.0298064006371567,0.0298062658793947,0.0367763720111135,0.0367762497076791
1.14773869346734,0.0320245640678885,0.0320245640678885,0.0235057936653292,0.0233716136629712,0.029967501200789,0.0299673494137593,0.0369374382317395,0.0369373332420436
1.15929648241206,0.032346760446412,0.032346760446412,0.0236694950047905,0.023532711852233,0.0301286166623076,0.030128447603021,0.0370985214250709,0.0370984314313054
1.17085427135678,0.0326689832536629,0.0326689832536629,0.023833209653588,0.0236938232558584,0.0302897455183926,0.0302895590066465,0.0372596198508501,0.0372595428349308
1.18241206030151,0.0329912298883574,0.0329912298883574,0.0239969363418221,0.0238549465732057,0.0304508864169752,0.0304506823239937,0.0374207319466488,0.0374206661522781
1.19396984924623,0.0333134980022352,0.0333134980022352,0.0241606739208269,0.0240160806301446,0.0306120381420965,0.0306118163809326,0.0375818563097667,0.037581800209217
1.20552763819095,0.0336357854758101,0.0336357854758101,0.0243244213515021,0.024177224366932,0.0307731996002723,0.0307729601177201,0.0377429916809628,0.0377429439460044
1.21708542713568,0.0339580903964012,0.0339580903964012,0.0244881776937623,0.0243383768272276,0.030934369808216,0.0309341125780156,0.0379041369298393,0.0379040964063
1.2286432160804,0.0342804110382342,0.0342804110382342,0.0246519420969993,0.024499537148144,0.0310955478817843,0.0310952728989321,0.0380652910417059,0.0380652567272164
1.24020100502513,0.0346027458444243,0.0346027458444243,0.0248157137914597,0.0246607045512391,0.0312567330260259,0.0312564403020272,0.0382264531057796,0.0382264241303115
1.25175879396985,0.0349250934106657,0.0349250934106657,0.0249794920804516,0.0248218783343598,0.0314179245262228,0.0314176140851479,0.0383876223045815,0.0383875979134322
1.26331658291457,0.0352474524704701,0.0352474524704701,0.0251432763333012,0.024983057864262,0.0315791217398269,0.03157879361505,0.0385487979044125,0.0385487774433344
1.2748743718593,0.03556982188181,0.03556982188181,0.0253070659789878,0.0251442425699319,0.031740324089202,0.03173997832072,0.0387099792467967,0.0387099621490043
1.28643216080402,0.0358922006150364,0.0358922006150364,0.0254708605003924,0.0253054319365451,0.0319015310550922,0.0319011676873332,0.0388711657407953,0.0388711515156176
1.29798994974874,0.0362145877419514,0.0362145877419514,0.0256346594291012,0.0254666255000027,0.032062742170744,0.0320623612507907,0.039032356856103,0.0390323450790751
1.30954773869347,0.0365369824259279,0.0365369824259279,0.0257984623407113,0.0256278228419909,0.0322239570166168,0.032223558592779,0.0391935521168471,0.0391935424210633
1.32110552763819,0.0368593839129765,0.0368593839129765,0.025962268850589,0.0257890235855152,0.032385175215624,0.0323847593363033,0.0393547510960191,0.0393547431645876
1.33266331658291,0.0371817915236736,0.0371817915236736,0.0261260786100396,0.0259502273908638,0.0325463964288513,0.0325459631416518,0.0395159534104728,0.0395159469699362
1.34422110552764,0.0375042046458653,0.0375042046458653,0.0262898913028468,0.0261114339519596,0.0327076203517043,0.0327071697027477,0.0396771587164333,0.039677153531032
1.35577889447236,0.0378266227280772,0.0378266227280772,0.0264537066421477,0.0262726429930655,0.032868846710444,0.0328683787438536,0.0398383667054642,0.0398383625721379
1.36733668341709,0.0381490452735599,0.0381490452735599,0.0266175243676102,0.0264338542658069,0.0330300752590696,0.033029590016595,0.0399995771008458,0.0399995738448793
1.37889447236181,0.0384714718349135,0.0384714718349135,0.0267813442428844,0.0265950675464837,0.0331913057765147,0.0331908032972718,0.0401607896543237,0.0401607871255561
1.39045226130653,0.0387939020092321,0.0387939020092321,0.0269451660533006,0.026756282633643,0.0333525380641266,0.0333520183844311,0.0403220041431896,0.0403220022127154
1.40201005025126,0.0391163354337204,0.0391163354337204,0.0271089896037908,0.0269174993458872,0.0335137719433981,0.0335132350966752,0.0404832203676601,0.0404832189249596
1.41356783919598,0.0394387717817383,0.0394387717817383,0.0272728147170122,0.0270787175198961,0.033675007253929,0.0336744532706842,0.040644438148524,0.0406444370989685
1.4251256281407,0.0397612107592299,0.0397612107592299,0.0274366412316519,0.0272399370086419,0.0338362438515924,0.03383567275943,0.04080565732503,0.0408056565877143
1.43668341708543,0.0400836521015019,0.0400836521015019,0.0276004690008974,0.0274011576797779,0.0339974816068856,0.0339968934305659,0.0409668777529901,0.0409668772588503
1.44824120603015,0.040406095570317,0.040406095570317,0.0277642978910542,0.0275623794141855,0.0341587204034488,0.0341581151649735,0.0411280993030786,0.0411280989932579
1.45979899497487,0.0407285409512721,0.0407285409512721,0.0279281277802986,0.027723602104663,0.0343199601367318,0.0343193378554511,0.0412893218593037,0.0412893216837354
1.4713567839196,0.0410509880514332,0.0410509880514332,0.0280919585575513,0.0278848256547435,0.0344812007127962,0.0344805614055316,0.0414505453176366,0.041450545233816
1.48291457286432,0.0413734366972034,0.0413734366972034,0.0282557901214599,0.0280460499776287,0.0346424420472389,0.0346417857284167,0.0416117695847814,0.0416117695567011
1.49447236180904,0.0416958867324,0.0416958867324,0.0284196223794806,0.028207274995227,0.0348036840642238,0.034803010746015,0.04177299457707,0.0417729945742994
1.50603015075377,0.0420183380165212,0.0420183380165212,0.0285834552470487,0.0283685006372875,0.034964926695612,0.0349642363880756,0.0419342202194718,0.0419342202163599
1.51758793969849,0.0423407904231832,0.0423407904231832,0.0287472886468296,0.0285297268406186,0.0351261698801798,0.0351254625914066,0.0420954464447037,0.042095446419691
1.52914572864322,0.0426632438387131,0.0426632438387131,0.0289111225080424,0.0286909535483835,0.0352874135629159,0.0352866892991716,0.0422566731924327,0.0422566731274559
1.54070351758794,0.0429856981608786,0.0429856981608786,0.0290749567658487,0.0288521807094662,0.0354486576943899,0.0354479164602543,0.0424179004085591,0.0424179002885386
1.55226130653266,0.0433081532977459,0.0433081532977459,0.0292387913608014,0.0290134082778999,0.0356099022301854,0.035609144028688,0.0425791280445749,0.0425791278569723
1.56381909547739,0.0436306091666486,0.0436306091666486,0.0294026262383452,0.0291746362123513,0.0357711471303889,0.0357703719631393,0.0427403560569864,0.0427403557914237
1.57537688442211,0.0439530656932606,0.0439530656932606,0.029566461348367,0.0293358644756573,0.0359323923591329,0.0359316002264453,0.0429015844067979,0.0429015840547297
1.58693467336683,0.0442755228107598,0.0442755228107598,0.0297302966447889,0.0294970930344068,0.0360936378841831,0.0360928287851949,0.0430628130590468,0.0430628126134792
1.59849246231156,0.0445979804590755,0.0445979804590755,0.0298941320852001,0.0296583218585647,0.0362548836765696,0.0362540576093527,0.0432240419823882,0.0432240414376371
1.61005025125628,0.0449204385842108,0.0449204385842108,0.0300579676305249,0.0298195509211324,0.0364161297102536,0.0364152866719204,0.0433852711487209,0.0433852705002048
1.621608040201,0.0452428971376328,0.0452428971376328,0.0302218032447221,0.0299807801978433,0.0365773759618298,0.0365765159486314,0.0435465005328528,0.0435464997769158
1.63316582914573,0.045565356075722,0.045565356075722,0.0303856388945134,0.030142009666888,0.0367386224102577,0.036737745417676,0.0437077301122,0.0437077292459604
1.64472361809045,0.045887815359279,0.045887815359279,0.0305494745491377,0.0303032393086665,0.0368998690366207,0.0368989750594545,0.0438689598665178,0.0438689588877389
1.65628140703518,0.0462102749530786,0.0462102749530786,0.0307133101801292,0.0304644691055662,0.0370611158239105,0.0370602048563543,0.0440301897776586,0.0440301886846387
1.6678391959799,0.0465327348254696,0.0465327348254696,0.0308771457611158,0.0306256990417618,0.0372223627568316,0.0372214347925498,0.0441914198293554,0.0441914186208342
1.67939698492462,0.046855194948014,0.046855194948014,0.0310409812676379,0.0307869291030339,0.0373836098216274,0.037382664853822,0.0443526500070268,0.0443526486821064
1.69095477386935,0.0471776552951629,0.0471776552951629,0.031204816676983,0.0309481592766084,0.0375448570059241,0.0375438950273965,0.0445138802976034,0.0445138788556808
1.70251256281407,0.0475001158439643,0.0475001158439643,0.0313686519680374,0.0311093895510091,0.0377061042985882,0.0377051253017972,0.0446751106893707,0.0446751091300815
1.71407035175879,0.0478225765738009,0.0478225765738009,0.0315324871211501,0.0312706199159274,0.037867351689602,0.0378663556667155,0.0448363411718294,0.0448363394949998
1.72562814070352,0.0481450374661537,0.0481450374661537,0.0316963221180113,0.0314318503621038,0.0380285991699485,0.0380275861128919,0.0449975717355689,0.0449975699411762
1.73718592964824,0.0484674985043896,0.0484674985043896,0.031860156941541,0.0315930808812217,0.0381898467315104,0.0381888166320098,0.0451588023721555,0.0451588004602941
1.74874371859296,0.0487899596735702,0.0487899596735702,0.0320239915757883,0.031754311465812,0.038351094366978,0.0383500472166001,0.0453200330740303,0.0453200310448844
1.76030150753769,0.0491124209602803,0.0491124209602803,0.0321878260058407,0.0319155421091671,0.0385123420697674,0.0385112778599552,0.0454812638344192,0.0454812616882395
1.77185929648241,0.0494348823524732,0.0494348823524732,0.0323516602177402,0.0320767728052635,0.0386735898339463,0.0386725085560516,0.0456424946472516,0.045642492384336
1.78341708542714,0.0497573438393316,0.0497573438393316,0.0325154941984089,0.0322380035486928,0.038834837654168,0.0388337392994808,0.0458037255070866,0.0458037231277652
1.79497487437186,0.0500798054111433,0.0500798054111433,0.0326793279355804,0.0323992343345986,0.0389960855256117,0.0389949700853866,0.045964956409049,0.045964953913671
1.80653266331658,0.0504022670591881,0.0504022670591881,0.0328431614177375,0.032560465158621,0.0391573334439292,0.0391562009094091,0.0461261873487697,0.0461261847376934
1.81809045226131,0.0507247287756373,0.0507247287756373,0.0330069946340554,0.0327216960168456,0.0393185814051965,0.0393174317676337,0.0462874183223335,0.046287415595918
1.82964824120603,0.0510471905534633,0.0510471905534633,0.0331708275743508,0.0328829269057586,0.0394798294058716,0.0394786626565467,0.046448649326232,0.046448646484831
1.84120603015075,0.0513696523863575,0.0513696523863575,0.0333346602290345,0.0330441578222057,0.0396410774427548,0.0396398935729938,0.0466098803573215,0.0466098774012781
1.85276381909548,0.0516921142686571,0.0516921142686571,0.0334984925890687,0.0332053887633555,0.0398023255129547,0.0398011245141436,0.0467711114127852,0.0467711083424279
1.8643216080402,0.0520145761952797,0.0520145761952797,0.0336623246459282,0.0333666197266668,0.0399635736138565,0.0399623554774549,0.0469323424900984,0.0469323393057392
1.87587939698492,0.0523370381616635,0.0523370381616635,0.0338261563915648,0.0335278507098587,0.0401248217430947,0.0401235864606468,0.0470935735869996,0.0470935702889311
1.88743718592965,0.0526595001637148,0.0526595001637148,0.0339899878183741,0.0336890817108844,0.0402860698985271,0.0402848174616724,0.0472548047014622,0.0472548012899568
1.89899497487437,0.0529819621977595,0.0529819621977595,0.0341538189191666,0.0338503127279067,0.0404473180782128,0.0404460484786948,0.04741603583167,0.0474160323069791
1.9105527638191,0.053304424260501,0.053304424260501,0.0343176496871399,0.0340115437592775,0.040608566280392,0.0406072795100655,0.0475772669759962,0.0475772633383499
1.92211055276382,0.0536268863489809,0.0536268863489809,0.034481480115854,0.0341727748035174,0.0407698145034672,0.0407685105543055,0.0477384981329828,0.0477384943825898
1.93366834170854,0.0539493484605449,0.0539493484605449,0.0346453101992082,0.0343340058592994,0.040931062745988,0.0409297416100874,0.0478997293013235,0.0478997254383718
1.94522613065327,0.0542718105928112,0.0542718105928112,0.0348091399314201,0.0344952369254326,0.0410923110066347,0.0410909726762206,0.0480609604798478,0.048060956504505
1.95678391959799,0.0545942727436435,0.0545942727436435,0.0349729693070065,0.0346564680008487,0.0412535592842071,0.0412522037516368,0.0482221916675071,0.0482221875799211
1.96834170854271,0.0549167349111246,0.0549167349111246,0.0351367983207651,0.0348176990845892,0.0414148075776112,0.0414134348353773,0.0483834228633617,0.0483834186636616
1.97989949748744,0.0552391970935351,0.0552391970935351,0.0353006269677587,0.0349789301757945,0.0415760558858493,0.0415746659265826,0.0485446540665698,0.0485446497548669
1.99145728643216,0.0555616592893321,0.0555616592893321,0.0354644552432998,0.035140161273693,0.0417373042080101,0.0417358970244811,0.0487058852763769,0.0487058808527654
2.00301507537688,0.0558841214971323,0.0558841214971323,0.0356282831429365,0.0353013923775931,0.0418985525432605,0.0418971281283811,0.0488671164921071,0.0488671119566655
2.01457286432161,0.0562065837156944,0.0562065837156944,0.03579211066244,0.0354626234868742,0.0420598008908377,0.0420583592376622,0.0490283477131548,0.0490283430659466
2.02613065326633,0.0565290459439051,0.0565290459439051,0.0359559377977923,0.0356238546009795,0.0422210492500422,0.0422195903517676,0.0491895789389772,0.0491895741800519
2.03768844221106,0.0568515081807663,0.0568515081807663,0.0361197645451753,0.0357850857194101,0.0423822976202318,0.0423808214701982,0.0493508101690882,0.0493508052984825
2.04924623115578,0.0571739704253824,0.0571739704253824,0.0362835909009604,0.0359463168417181,0.0425435460008159,0.0425420525925062,0.0495120414030518,0.0495120364207906
2.0608040201005,0.0574964326769502,0.0574964326769502,0.036447416861699,0.0361075479675021,0.0427047943912505,0.0427032837182901,0.0496732726404777,0.0496732675465745
2.07236180904523,0.0578188949347501,0.0578188949347501,0.0366112424241141,0.036268779096402,0.0428660427910338,0.04286451484719,0.0498345038810158,0.0498344986754744
2.08391959798995,0.058141357198136,0.058141357198136,0.0367750675850909,0.036430010228095,0.0430272911997021,0.043025745978883,0.0499957351243527,0.0499957298071674
2.09547738693467,0.0584638194665292,0.0584638194665292,0.0369388923416704,0.0365912413622916,0.0431885396168261,0.0431869771130796,0.0501569663702073,0.050156960941364
2.1070351758794,0.0587862817394103,0.0587862817394103,0.0371027166910409,0.0367524724987321,0.0433497880420075,0.0433482082495202,0.0503181976183276,0.0503181920778045
2.11859296482412,0.0591087440163139,0.0591087440163139,0.0372665406305325,0.0369137036371839,0.0435110364748766,0.043509439387972,0.0504794288684879,0.0504794232162563
2.13015075376884,0.0594312062968227,0.0594312062968227,0.0374303641576099,0.0370749347774383,0.0436722849150892,0.0436706705282264,0.050640660120486,0.0506406543565107
2.14170854271357,0.0597536685805625,0.0597536685805625,0.0375941872698667,0.0372361659193082,0.0438335333623242,0.0438319016700963,0.0508018913741402,0.0508018854983806
2.15326633165829,0.0600761308671981,0.0600761308671981,0.0377580099650199,0.037397397062626,0.0439947818162818,0.043993132813414,0.0509631226292879,0.0509631166416984
2.16482412060301,0.0603985931564284,0.0603985931564284,0.0379218322409047,0.0375586282072412,0.044156030276681,0.0441543639580292,0.0511243538857834,0.0511243477863136
2.17638190954774,0.0607210554479841,0.0607210554479841,0.0380856540954694,0.037719859353019,0.0443172787432587,0.0443155951038071,0.0512855851434958,0.0512855789320914
2.18793969849246,0.0610435177416235,0.0610435177416235,0.0382494755267709,0.0378810904998387,0.0444785272157675,0.0444768262506268,0.051446816402308,0.0514468100789111
2.19949748743719,0.0613659800371301,0.0613659800371301,0.0384132965329701,0.038042321647592,0.0446397756939744,0.0446380573983801,0.0516080476621147,0.0516080412266644
2.21105527638191,0.0616884423343098,0.0616884423343098,0.0385771171123282,0.0382035527961819,0.0448010241776599,0.0447992885469699,0.0517692789228217,0.0517692723752543
2.22261306532663,0.0620109046329884,0.0620109046329884,0.038740937263202,0.0383647839455211,0.0449622726666161,0.0449605196963092,0.0519305101843442,0.0519305035245936
2.23417085427136,0.0623333669330101,0.0623333669330101,0.0389047569840411,0.038526015095532,0.0451235211606466,0.0451217508463201,0.0520917414466064,0.0520917346746044
2.24572864321608,0.0626558292342353,0.0626558292342353,0.0390685762733837,0.0386872462461446,0.0452847696595651,0.0452829819969327,0.0522529727095399,0.052252965825217
2.2572864321608,0.0629782915365385,0.0629782915365385,0.0392323951298532,0.0388484773972962,0.0454460181631944,0.0454442131480843,0.0524142039730837,0.0524141969763686
2.26884422110553,0.0633007538398075,0.0633007538398075,0.0393962135521555,0.0390097085489307,0.0456072666713659,0.0456054442997188,0.0525754352371829,0.0525754281280031
2.28040201005025,0.0636232161439418,0.0636232161439418,0.0395600315390758,0.0391709397009979,0.0457685151839191,0.0457666754517859,0.0527366665017881,0.0527366592800703
2.29195979899497,0.0639456784488511,0.0639456784488511,0.0397238490894752,0.0393321708534525,0.0459297637007003,0.0459279066042406,0.0528978977668548,0.0528978904325249
2.3035175879397,0.0642681407544549,0.0642681407544549,0.0398876662022888,0.0394934020062544,0.046091012221563,0.0460891377570425,0.0530591290323435,0.0530591215853268
2.31507537688442,0.0645906030606806,0.0645906030606806,0.0400514828765223,0.0396546331593673,0.0462522607463666,0.0462503689101553,0.0532203602982181,0.0532203527384397
2.32663316582915,0.0649130653674635,0.0649130653674635,0.0402152991112499,0.0398158643127587,0.0464135092749762,0.0464116000635468,0.0533815915644465,0.0533815838918311
2.33819095477387,0.0652355276747453,0.0652355276747453,0.0403791149056119,0.0399770954663996,0.0465747578072625,0.0465728312171877,0.0535428228309998,0.053542815045472
2.34974874371859,0.0655579899824743,0.0655579899824743,0.040542930258812,0.0401383266202641,0.0467360063431009,0.0467340623710522,0.0537040540978519,0.0537040461993365
2.36130653266332,0.0658804522906035,0.0658804522906035,0.0407067451701156,0.0402995577743287,0.0468972548823715,0.0468952935251168,0.0538652853649792,0.0538652773534011
2.37286432160804,0.0662029145990913,0.0662029145990913,0.0408705596388474,0.0404607889285726,0.0470585034249587,0.0470565246793607,0.0540265166323607,0.054026508507645
2.38442211055276,0.0665253769079003,0.0665253769079003,0.0410343736643894,0.0406220200829771,0.047219751970751,0.0472177558337652,0.0541877478999772,0.0541877396620495
2.39597989949749,0.0668478392169968,0.0668478392169968,0.0411981872461789,0.0407832512375254,0.0473810005196405,0.0473789869883134,0.0543489791678117,0.0543489708165978
2.40753768844221,0.067170301526351,0.067170301526351,0.0413620003837068,0.0409444823922024,0.047542249071523,0.0475402181429905,0.0545102104358485,0.0545102019712748
2.41909547738693,0.0674927638359358,0.0674927638359358,0.0415258130765158,0.0411057135469948,0.0477034976262976,0.0477014492977829,0.0546714417040736,0.0546714331260673
2.43065326633166,0.0678152261457272,0.0678152261457272,0.0416896253241984,0.0412669447018905,0.0478647461838667,0.0478626804526786,0.0548326729724745,0.054832664280963
2.44221105527638,0.0681376884557034,0.0681376884557034,0.0418534371263954,0.0414281758568787,0.0480259947441351,0.0480239116076667,0.0549939042410395,0.0549938954359511
2.45376884422111,0.0684601507658455,0.0684601507658455,0.0420172484827944,0.0415894070119497,0.048187243307011,0.0481851427627378,0.0551551355097585,0.0551551265910221
2.46532663316583,0.0687826130761358,0.0687826130761358,0.0421810593931281,0.0417506381670949,0.048348491872405,0.0483463739178829,0.0553163667786219,0.0553163577461673
2.47688442211055,0.0691050753865589,0.0691050753865589,0.042344869857173,0.0419118693223064,0.0485097404402301,0.0485076050730945,0.0554775980476211,0.0554775889013788
2.48844221105528,0.0694275376971009,0.0694275376971009,0.0425086798747477,0.0420731004775774,0.0486709890104021,0.0486688362283655,0.0556388293167485,0.0556388200566498
2.5,0.0697500000077495,0.0697500000077495,0.0426724894457117,0.0422343316329017,0.0488322375828386,0.0488300673836898,0.0558000605859971,0.0558000512119741
